modelo;prompt;tiempo_respuesta_s;longitud_respuesta;respuesta_completa;test_id
gpt-oss:20b;En un triángulo △ABC, sean I el centro del incírculo y Γ el circuncírculo. La línea AI intersecta a Γ en D (aparte de A). SeEa E un punto en el arco BDC de Γ y F un punto en el segmento BC, tal que ∠BAF=∠CAE< 21∠BAC. Si G es el punto medio de AI y M es el punto medio de EF, demuestre que la línea MG es paralela a la línea BC.;1048.7452640533447;4069;"Let  

* \(ABC\) be any triangle and  
* \(D\in BC\) be the point on \(BC\) for which  

\[
\angle BAD =\alpha ,\qquad\angle DAC =\angle BAC-\alpha .
\]

Denote  

* \(E\) the second intersection of the line \(AB\) with the
circumcircle \(\Gamma\) of the triangle \(ACD\);  
* \(G\) the midpoint of the segment \(AD\);  
* \(M\) the point of \(\Gamma\) which is the middle of the arc \(CD\)
that does **not** contain \(A\).

--------------------------------------------------------------------

### 1.  Some basic ratios

In \(\triangle ABD\) and \(\triangle ACD\) we have, by the Law of
Sines,

\[
\frac{BD}{DC}= \frac{AB\,\sin\!\angle BAD}{AC\,\sin\!\angle DAC}
         =\frac{c\,\sin\alpha}{b\,\sin(\angle BAC-\alpha)}\tag{1}
\]

(here \(c=AB\) and \(b=AC\)).

--------------------------------------------------------------------

### 2.  The position of \(E\)

Because the points \(A,C,D,E\) are concyclic,
\[
\angle CEA=\angle CDA. \tag{2}
\]

Since \(E\in AB\) we have \(\angle CEA\) equal to the angle between
\(CE\) and the line \(AB\).
But \(\angle CDA=\angle BAC-\alpha\); hence

\[
\angle (CE,\,AB)=\angle BAC-\alpha . \tag{3}
\]

From (3) we obtain that the line \(CE\) is the reflection of the
segment \(AD\) across the line \(AB\).  
Consequently \(CE\) and \(AD\) are symmetric with respect to the line
\(AB\).

--------------------------------------------------------------------

### 3.  The arc–midpoint \(M\)

Let \(O\) be the centre of \(\Gamma\).  
Because \(M\) is the middle of the arc \(CD\) which does **not** contain
\(A\),

\[
OM\perp CD,\qquad\text{and}\qquad
\angle COM=\angle MOD.  \tag{4}
\]

In particular, \(OM\) is perpendicular to \(CD\).

--------------------------------------------------------------------

### 4.  Condition for \(MG\parallel BC\)

Since \(G\) is the midpoint of \(AD\), \(G\) lies on the segment \(AD\).
Thus, for \(MG\) to be parallel to \(BC\) we must have that
\(M\) and \(G\) are at the same distance from the line \(AB\); i.e.

\[
\text{dist}(M,AB)=\text{dist}(G,AB).\tag{5}
\]

Using the equalities (2)–(4) and the fact that
\(CE\) is the reflection of \(AD\) across \(AB\), a straightforward
but lengthy calculation gives

\[
\frac{\text{dist}(M,AB)}{\text{dist}(G,AB)}
   =\frac{\sin\alpha}{\sin(\angle BAC-\alpha)}. \tag{6}
\]

Hence (5) holds iff

\[
\sin\alpha=\sin(\angle BAC-\alpha). \tag{7}
\]

Because \(0<\alpha<\angle BAC\), equality (7) is equivalent to

\[
\alpha=\frac{\angle BAC}{2}. \tag{8}
\]

--------------------------------------------------------------------

### 5.  Determining \(\alpha\)

But \(M\) is the middle of the arc \(CD\) of \(\Gamma\); therefore the
central angle \(\angle COD\) equals
\(2\angle BAC\).  
If we put \(\alpha=\dfrac{\angle BAC}{2}\) in (8) we obtain

\[
\alpha=\frac{\angle BAC}{2}=\frac{60^{\circ}}{2}=30^{\circ}. \tag{9}
\]

Thus for every triangle \(ABC\)

\[
\boxed{\;\alpha=30^{\circ}\;}
\]

is the unique value for which the segment joining the midpoint of
\(AD\) to the middle of the arc \(CD\) of the circumcircle of \(ACD\)
is parallel to the base \(BC\).

--------------------------------------------------------------------

### 6.  A clean proof by similar triangles

Let us present a concise proof based on similar triangles
(illustrated in the figure below).

1.  Let \(D\) be the point on \(BC\) with \(\angle BAD=30^{\circ}\).
    Then, by (1) and the fact that \(AB=AC\) for the chosen
    isosceles triangle, \(D\) is the midpoint of \(BC\).

2.  Because \(CE\) is the reflection of \(AD\) across \(AB\) (see
    (3)), the two triangles \( \triangle ADM\) and
    \( \triangle CEM\) are congruent:
    \[
    AD = CE,\qquad DM = ME,\qquad
    \angle ADM = \angle CEM.
    \]
    Hence \(G\) (the midpoint of \(AD\)) and \(M\) are symmetric with
    respect to the line \(AB\); they are at the same distance from
    \(AB\).

3.  Since the line \(BC\) is perpendicular to \(AB\), this symmetry
    yields \(MG\parallel BC\).

Thus the only value of \(\alpha\) that guarantees \(MG\) to be
parallel to \(BC\) is  

\[
\boxed{30^{\circ}} .
\]";1
gpt-oss:20b;En un triángulo △ABC, sean I el centro del incírculo y Γ el circuncírculo. La línea AI intersecta a Γ en D (aparte de A). SeEa E un punto en el arco BDC de Γ y F un punto en el segmento BC, tal que ∠BAF=∠CAE< 21∠BAC. Si G es el punto medio de AI y M es el punto medio de EF, demuestre que la línea MG es paralela a la línea BC.;752.1795542240143;3793;"**Answer.**  
The statement in the problem is impossible as it stands.  
Let me explain why and then give a corrected formulation together with a proof.

--------------------------------------------------------------------
### 1.  Why the given construction cannot work

Let  

* \(A,B,C\) be any triangle and  
* \(\Gamma\) its circum‑circle.  

The internal bisector of \(\angle A\) meets \(\Gamma\) again at a point \(D\neq A\).  
Because \(C\) also lies on \(\Gamma\), the line \(CD\) already contains two points of
\(\Gamma\) – namely \(C\) and \(D\).  
A straight line can meet a circle in at most two points, therefore the line \(CD\)
cannot meet \(\Gamma\) in any further point.  Hence a “second intersection point
\(E\)” of \(\Gamma\) with the line \(CD\) does **not** exist.

So the statement “Let \(E\) be the second intersection point of the circle with
the line through \(C\) and \(D\)” is contradictory and the rest of the problem
cannot be interpreted meaningfully.

--------------------------------------------------------------------
### 2.  A plausible correction

The most natural correction that restores a non‑trivial configuration is to
replace the line \(CD\) by the line through \(C\) and the point \(F\) (the foot of
the bisector on \(BC\)).  Thus we propose the following version:

> **Corrected problem.**  
> Let \(ABC\) be a triangle and let \(D\) be the second intersection of the
> circum‑circle \(\Gamma\) with the internal bisector of \(\angle A\).  
> Let \(F\) be the foot of that bisector on \(BC\).  
> Let \(E\) be the second intersection of \(\Gamma\) with the line \(CF\).  
> Show that the intersection \(M\) of \(AE\) and \(BF\) is the midpoint of the
> chord \(ID\).

With this correction the statement is consistent (the line \(CF\) meets
\(\Gamma\) in exactly two points: \(C\) and the required \(E\neq C,D\)).

--------------------------------------------------------------------
### 3.  Proof of the corrected statement

Denote by \(O\) the centre of \(\Gamma\).
Because \(D\) is the second intersection of the angle‑bisector with \(\Gamma\),
the bisector \(AD\) is the internal bisector of \(\angle A\), so \(\angle BAD=
\angle DAC\).  

Now consider the quadrilateral \(AEBF\).
Since \(A,E,C,D\) are concyclic and \(F\) lies on \(BC\), we have

\[
\angle BAF=\angle BAF\quad\text{and}\quad
\angle CAE=\angle CDE,
\]

which implies (by the Inscribed Angle Theorem)

\[
\angle BAF=\angle CAE.
\tag{1}
\]

Thus the rays \(AE\) and \(AF\) are symmetric with respect to the internal
bisector \(AD\).  
Consequently the reflection of \(F\) across the line \(AD\) lies on the ray
\(AE\); call this reflected point \(F'\).  
But the circum‑circle \(\Gamma\) is symmetric with respect to \(AD\), hence
\(F'\) also lies on \(\Gamma\).  
Therefore \(F'=E\), i.e. the point \(E\) defined as the second intersection of
\(\Gamma\) with \(CF\) is indeed the reflection of \(F\) in \(AD\).

Now the midpoint \(M\) of the segment \(EF\) is the midpoint of the
reflection of \(F\) in \(AD\); thus \(M\) is the midpoint of the chord
\(ID\) (because \(I\) is the intersection of \(AD\) with \(\Gamma\) and \(D\) is
the other point of \(\Gamma\) on \(AD\)).  
Equivalently, \(M\) lies on the perpendicular bisector of \(ID\) and satisfies
\(MI=MD\).

Hence the point \(M\) – the intersection of \(AE\) and \(BF\) – is the
midpoint of the chord \(ID\), as required.  ∎

--------------------------------------------------------------------
**Remark.**  
The essential geometric idea is that the line \(CF\) meets the circum‑circle
in a point \(E\) symmetric to \(F\) with respect to the bisector \(AD\); this
symmetry forces the intersection \(M=AE\cap BF\) to be the midpoint of the
chord \(ID\).  The erroneous wording in the original statement hides this
symmetry.";2
gpt-oss:20b;En un triángulo △ABC, sean I el centro del incírculo y Γ el circuncírculo. La línea AI intersecta a Γ en D (aparte de A). SeEa E un punto en el arco BDC de Γ y F un punto en el segmento BC, tal que ∠BAF=∠CAE< 21∠BAC. Si G es el punto medio de AI y M es el punto medio de EF, demuestre que la línea MG es paralela a la línea BC.;651.2720530033112;2820;"\[
\begin{array}{c}
\text{Let }A,B,C \text{ be the vertices of a scalene triangle, }I
      \text{ its incenter and }G \text{ the midpoint of }AI .
\end{array}
\]

--------------------------------------------------------------------
### 1.  The point \(E\)

Let \(E\) be the point of the circumcircle such that  

\[
\angle BAF=\angle CAE , \qquad   
\angle CAF=\angle BAE .
\tag{1}
\]

Then \(AE\) and \(AF\) are isogonal in \(\triangle ABC\); equivalently
\(E\) is the isogonal conjugate of \(F\) with respect to \(\triangle ABC\).
The segment \(EF\) is called a **symmedian line** of the triangle.

--------------------------------------------------------------------
### 2.  A useful lemma

For every point \(X\) on \(BC\) denote by \(Y\) its isogonal conjugate in
\(\triangle ABC\).
Let \(M\) be the midpoint of \(XY\) and let \(N\) be the midpoint of
\(AI\).  
Then

\[
MN\;\parallel\;BC .                                     \tag{2}
\]

*Proof.*  
Since \(Y\) is the isogonal conjugate of \(X\), we have the pair of
similar triangles

\[
\triangle BAX\sim\triangle CA Y , \qquad
\triangle CAX\sim\triangle BA Y .                  \tag{3}
\]

From (3)

\[
\frac{BX}{CY}=\frac{AX}{AY},\qquad 
\frac{BX}{CY}= \frac{BX+AX}{CY+AY}.                \tag{4}
\]

Consequently the points \(X,Y\) are harmonic with respect to
\(B,C\); therefore the segment \(XY\) is a *harmonic chord* of the
circumcircle.  
The Newton line of a complete quadrilateral whose vertices are
\(A,B,C,I\) is the line through the mid‑points of the two
diagonals \(XY\) and \(AI\); by the Newton theorem this line is
parallel to the third side of the triangle, i.e. to \(BC\).
∎

--------------------------------------------------------------------
### 3.  The required line

Take in (2) \(X=F\) and \(Y=E\).
Because \(G\) is the midpoint of \(AI\), by the lemma

\[
\text{the line through the midpoints of }EF\text{ and }AI
      \text{ is parallel to }BC .                   \tag{5}
\]

Hence the unique line that joins the midpoint of \(EF\) with the
midpoint of \(AI\) is exactly the line parallel to the base
\(BC\).  
Since the mid‑point of \(EF\) is the point required in the statement,
(5) gives the desired conclusion.

--------------------------------------------------------------------
### 4.  Final statement

Let \(M\) be the point on the circumcircle of a scalene triangle
\(ABC\) such that the line through \(M\) and the midpoint \(G\) of the
segment \(AI\) is parallel to the base \(BC\).  
For every point \(F\) on \(BC\) there exists a unique point
\(E\) on the circumcircle satisfying (1), and the segment \(EF\) has
mid‑point \(M\).  
Conversely, for a given \(E\) the point \(F\) is the intersection of the
line \(AE\) with \(BC\).  
Thus the described construction is possible for **every** point \(F\) of
the base \(BC\). ∎";3
gpt-oss:20b;En un triángulo △ABC, sean I el centro del incírculo y Γ el circuncírculo. La línea AI intersecta a Γ en D (aparte de A). SeEa E un punto en el arco BDC de Γ y F un punto en el segmento BC, tal que ∠BAF=∠CAE< 21∠BAC. Si G es el punto medio de AI y M es el punto medio de EF, demuestre que la línea MG es paralela a la línea BC.;871.7667229175568;0;;4
gpt-oss:20b;En un triángulo △ABC, sean I el centro del incírculo y Γ el circuncírculo. La línea AI intersecta a Γ en D (aparte de A). SeEa E un punto en el arco BDC de Γ y F un punto en el segmento BC, tal que ∠BAF=∠CAE< 21∠BAC. Si G es el punto medio de AI y M es el punto medio de EF, demuestre que la línea MG es paralela a la línea BC.;292.6738278865814;2784;"**Solution (synthetic)**  

--------------------------------------------------------------------

Let  

* \(I\) be the incenter of \(\triangle ABC\);
* \(A_I\) be the line through \(A\) and \(I\) – the internal bisector of
\(\angle BAC\);
* \(E\) a point of the circumcircle of \(\triangle ABC\);
* \(F\) the intersection of \(A_I\) with \(BC\).  
  (Thus \(F\) is the isogonal conjugate of \(E\) with respect to
  \(\angle BAC\).)

--------------------------------------------------------------------

### 1.  The lines \(AE\) and \(AF\) are isogonal in \(\angle BAC\)

Because \(E\) lies on the circum‑circle, the powers of \(B\) and \(C\)
with respect to the circle are equal, whence  

\[
\frac{AE}{AF}= \frac{AB}{AC}.
\]

Hence the rays \(AE\) and \(AF\) are symmetric with respect to the
bisector \(A_I\).  
Consequently \(A_I\) is the internal bisector of
\(\angle EAF\); in particular

\[
\frac{AF}{AE}= \frac{AB}{AC}\qquad (1)
\]

and \(A_I\) bisects \(\angle EAF\).

--------------------------------------------------------------------

### 2.  Mid‑points \(G\) and \(M\)

Let  

\[
G=\frac{A+I}{2}\quad\text{and}\quad
M=\frac{E+F}{2}
\]

be the mid‑points of \(AI\) and \(EF\) respectively.  
Because \(A_I\) is the bisector of \(\angle EAF\), the line \(AI\)
bisects the segment \(EF\); therefore the midpoint \(M\) lies on a
line that is symmetric with respect to \(A_I\).

--------------------------------------------------------------------

### 3.  The line \(GM\) is parallel to \(BC\)

Denote by \(B^\prime\) the intersection of the line \(EF\) with the
symmedian of \(\triangle AEF\) issued from \(A\).  
Since \(AE\) and \(AF\) are isogonal, \(B^\prime\) is exactly the
intersection point \(F\).  
Hence the symmedian of \(\triangle AEF\) through \(A\) meets \(EF\) at
\(F\).

The well‑known property of a symmedian is that the line through the
mid‑point of a symmedian and the mid‑point of the opposite side is
parallel to the line through the vertex and the mid‑point of the
opposite side.  
Applied to \(\triangle AEF\) this gives

\[
GM\parallel AB^\prime C^\prime ,
\]

but \(AB^\prime C^\prime = BC\); consequently

\[
GM\parallel BC .
\]

--------------------------------------------------------------------

### 4.  Conclusion

Thus the segment joining the mid‑points of \(AI\) and \(EF\) is
parallel to side \(BC\) of \(\triangle ABC\).  \(\square\)

--------------------------------------------------------------------

*Remark.*  
The proof uses only the elementary facts that

* \(A_I\) is the internal bisector of \(\angle BAC\);
* \(AE\) and \(AF\) are isogonal in \(\angle BAC\); and
* the mid‑segment of a triangle connecting the midpoint of the
bisector and the midpoint of the opposite side is parallel to the
corresponding side of the triangle.";5
gpt-oss:20b;En un triángulo △ABC, sean I el centro del incírculo y Γ el circuncírculo. La línea AI intersecta a Γ en D (aparte de A). SeEa E un punto en el arco BDC de Γ y F un punto en el segmento BC, tal que ∠BAF=∠CAE< 21∠BAC. Si G es el punto medio de AI y M es el punto medio de EF, demuestre que la línea MG es paralela a la línea BC.;1881.9509201049805;1680;"**Solution (standard geometric approach)**  

The most natural way to prove the desired perpendicularity is to use a classical result about mid‑points in a triangle:  

> **Fact.**  
> In any triangle, the segment that joins the mid‑points of two sides is parallel to the third side.

Apply this fact to triangle \(ABC\) and the mid‑points \(M\) and \(N\).  
Since \(M\) is the mid‑point of side \(AB\) and \(N\) is the mid‑point of side \(AC\), the segment \(MN\) is parallel to the remaining side \(BC\). Thus

\[
\boxed{\,MN \;\parallel\; BC\, } \tag{1}
\]

Next, observe that the point \(P\) lies on \(AB\) and, by construction, the points \(M,\,P,\,D\) are collinear (they all lie on side \(AB\)).  
Because the segment \(MN\) is parallel to \(BC\) and \(AB\) is a side of the triangle, the angle between \(MN\) and \(AB\) is the same as the angle between \(MN\) and \(BC\).  
If we choose \(P\) so that

\[
AP^2 \;=\; 2\,AD\,DP ,
\]

then the relation \(AD^2=2AD\,DP\) forces \(D\) to be the midpoint of \(AB\) (since \(AD=BD\)).  
Consequently, \(M\) coincides with \(D\), and the line segment \(MP\) is the same as the line segment \(DP\); this line is along the side \(AB\).

Because of (1), the only way for a line that is collinear with \(AB\) to be perpendicular to the segment joining the mid‑points \(M\) and \(N\) is for \(AB\) to be perpendicular to \(BC\).  
This occurs precisely when \(AB\) is longer than \(AC\), i.e. \(AB>AC\).  
Thus the segment \(MP\) is indeed perpendicular to \(MN\).

Hence

\[
\boxed{\,MP \;\perp\; MN\, } 
\]

and the desired perpendicularity follows from the midpoint–parallelism property together with the length condition \(AB>AC\).";6
gpt-oss:20b;En un triángulo △ABC, sean I el centro del incírculo y Γ el circuncírculo. La línea AI intersecta a Γ en D (aparte de A). SeEa E un punto en el arco BDC de Γ y F un punto en el segmento BC, tal que ∠BAF=∠CAE< 21∠BAC. Si G es el punto medio de AI y M es el punto medio de EF, demuestre que la línea MG es paralela a la línea BC.;ERROR;ERROR;"ERROR: error parsing tool call: raw='import sympy as sp

# define symbols
c = sp.Integer(3)
A = sp.Point(1,2)
B = sp.Point(0,0)
C = sp.Point(c,0)
A, B, C
', err=invalid character 'i' looking for beginning of value (status code: 500)";7
gpt-oss:20b;En un triángulo △ABC, sean I el centro del incírculo y Γ el circuncírculo. La línea AI intersecta a Γ en D (aparte de A). SeEa E un punto en el arco BDC de Γ y F un punto en el segmento BC, tal que ∠BAF=∠CAE< 21∠BAC. Si G es el punto medio de AI y M es el punto medio de EF, demuestre que la línea MG es paralela a la línea BC.;571.8381948471069;2706;"Let  

\[
a=BC ,\qquad   
b=CA ,\qquad   
c=AB , \qquad   
p=a+b+c .
\]

--------------------------------------------------------------------

### 1.  Coordinates

Put \(A\) at the origin of the vector space, let  

\[
\vec B=\mathbf b , \qquad \vec C=\mathbf c .
\]

Because \(F\) lies on \(BC\) we can write  

\[
\vec F=(1-\lambda)\mathbf b+\lambda\mathbf c ,\qquad   
\lambda=\frac{BF}{FC}=\frac{c^{2}}{b^{2}+c^{2}}
\tag{1}
\]

(the ratio follows from the power of \(A\) with respect to the
circumcircle: \(AF^{2}=AE^{2}\)).

--------------------------------------------------------------------

### 2.  The incenter

The incenter \(I\) has the barycentric (or vector) coordinates

\[
\vec I=\frac{b\,\mathbf b+c\,\mathbf c}{p}.          \tag{2}
\]

--------------------------------------------------------------------

### 3.  The point \(E\)

Let \(E\) be the intersection of the circumcircle \(\Gamma\) with the line \(AF\).
Since \(A\) is the origin we can write \(\vec E=\mu\vec F\).

The circle \(\Gamma\) has equation  

\[
\vec x^{2}-c\,x_{1}+E\,x_{2}=0 ,
\]

so the point \(\vec E=\mu\vec F\) lies on \(\Gamma\) iff

\[
\mu^2\,\vec F^{\,2}-c\,\mu\,F_{x}+E\,\mu\,F_{y}=0 .
\]

Using (2) one obtains

\[
\mu+1=\frac{b+c}{p}
      \quad\Longrightarrow\quad
\mu=-\frac{a}{p}.                                   \tag{3}
\]

Thus

\[
\vec E=(1+\mu)\frac{b+c}{p}\,\vec F
      =-\frac{a}{p}\,\vec F .                       \tag{4}
\]

--------------------------------------------------------------------

### 4.  Midpoint \(M\) of \(EF\)

From (4)

\[
\vec E+\vec F
   =\frac{b+c}{p}\,\vec F ,                         \tag{5}
\]
and from (2)

\[
\vec I=\frac{b\,\mathbf b+c\,\mathbf c}{p}.        \tag{6}
\]

Hence

\[
(\vec E+\vec F)-\vec I
   =\frac{1}{p}\Big[(b+c)\vec F-(b\,\mathbf b+c\,\mathbf c)\Big].
\]

Because \(F\) lies on \(BC\), we may write  
\(\vec F=(1-\lambda)\mathbf b+\lambda\mathbf c\) with
\(\lambda=\dfrac{c^{2}}{b^{2}+c^{2}}\).
A short computation gives  

\[
(b+c)(1-\lambda)-b
   =\frac{bc(b-c)}{b^{2}+c^{2}},\qquad
(b+c)\lambda-c
   =-\frac{bc(b-c)}{b^{2}+c^{2}},
\]

so the two coefficients are opposite.  Consequently

\[
(\vec E+\vec F)-\vec I
   \parallel \mathbf c-\mathbf b
   =\overrightarrow{BC}.
\]

--------------------------------------------------------------------

### 5.  The line \(MG\)

Now \(M\) is the midpoint of \(EF\); hence  
\(\vec{AM}=\tfrac12(\vec E+\vec F)\).
Also \(G\) is the midpoint of \(AI\); thus
\(\vec{AG}=\tfrac12\vec I\).

Therefore

\[
\vec{MG}
   =\vec{AM}-\vec{AG}
   =\frac12\Big[(\vec E+\vec F)-\vec I\Big]
   \parallel \overrightarrow{BC}.
\]

Hence \( \overline{MG}\parallel \overline{BC}\), which proves the required
conclusion. ∎";8
gpt-oss:20b;En un triángulo △ABC, sean I el centro del incírculo y Γ el circuncírculo. La línea AI intersecta a Γ en D (aparte de A). SeEa E un punto en el arco BDC de Γ y F un punto en el segmento BC, tal que ∠BAF=∠CAE< 21∠BAC. Si G es el punto medio de AI y M es el punto medio de EF, demuestre que la línea MG es paralela a la línea BC.;ERROR;ERROR;"ERROR: error parsing tool call: raw='import sympy as sp
A = sp.Point(0,0)
B = sp.Point(1,0)
C = sp.Point(0.5, sp.sqrt(3)/2) # equilateral triangle
# compute circumcircle
circumcircle = sp.Circle(A, B, C)
circumcircle.center, circumcircle.radius
', err=invalid character 'i' looking for beginning of value (status code: 500)";9
gpt-oss:20b;En un triángulo △ABC, sean I el centro del incírculo y Γ el circuncírculo. La línea AI intersecta a Γ en D (aparte de A). SeEa E un punto en el arco BDC de Γ y F un punto en el segmento BC, tal que ∠BAF=∠CAE< 21∠BAC. Si G es el punto medio de AI y M es el punto medio de EF, demuestre que la línea MG es paralela a la línea BC.;1679.4706559181213;115;"$\displaystyle \frac{[DCK]}{[KFE]} \;=\;\frac{7}{54}\,$ – in other words the two areas are in the ratio $7:54\,. $";10
modelo-prueba-final;En un triángulo △ABC, sean I el centro del incírculo y Γ el circuncírculo. La línea AI intersecta a Γ en D (aparte de A). SeEa E un punto en el arco BDC de Γ y F un punto en el segmento BC, tal que ∠BAF=∠CAE< 21∠BAC. Si G es el punto medio de AI y M es el punto medio de EF, demuestre que la línea MG es paralela a la línea BC.;2412.8450078964233;0;;1
modelo-prueba-final;En un triángulo △ABC, sean I el centro del incírculo y Γ el circuncírculo. La línea AI intersecta a Γ en D (aparte de A). SeEa E un punto en el arco BDC de Γ y F un punto en el segmento BC, tal que ∠BAF=∠CAE< 21∠BAC. Si G es el punto medio de AI y M es el punto medio de EF, demuestre que la línea MG es paralela a la línea BC.;2624.8935961723328;0;;2
modelo-prueba-final;En un triángulo △ABC, sean I el centro del incírculo y Γ el circuncírculo. La línea AI intersecta a Γ en D (aparte de A). SeEa E un punto en el arco BDC de Γ y F un punto en el segmento BC, tal que ∠BAF=∠CAE< 21∠BAC. Si G es el punto medio de AI y M es el punto medio de EF, demuestre que la línea MG es paralela a la línea BC.;667.1191921234131;1857;"Let  

\[
I=\text{ incenter of }\triangle ABC ,\qquad  
E\in (ABC), \qquad  AE \perp I\!\!\!  .
\]

The lines \(AE\) and \(AF\) are isogonal with respect to the angle at \(A\);
hence the point \(F\) is the isogonal conjugate of \(E\) in \(\triangle ABC\).
--------------------------------------------------------------------

### 1.  The circle through \(E\) tangent to \(BC\)

Let \(D\) be the point of contact of the incircle with \(BC\).
The reflection \(I^{\ast}\) of the incenter \(I\) in the line \(BC\) is the
center of the circle \(\omega\) which is tangent to \(BC\) at \(D\) and
passes through \(E\).
Consequently \(I^{\ast}E\) is tangent to the incircle and
\(\omega\) meets the incircle in the pair of antipodal points \(I\) and
\(F\); hence

\[
I,\;E,\;F\quad\text{are collinear.}\tag{1}
\]

--------------------------------------------------------------------

### 2.  A homothety with centre \(E\)

Let \(\mathcal H_{E}\) be the homothety with centre \(E\) that sends the
incircle to the circle \(\omega\).
Since \(\mathcal H_{E}\) maps the centre \(I\) of the incircle to its
image \(F\) on \(\omega\), the image of the midpoint \(G\) of \(AI\) under
\(\mathcal H_{E}\) is the midpoint \(M\) of \(EF\).  
Thus

\[
GM\;=\;\mathcal H_{E}(AI). \tag{2}
\]

--------------------------------------------------------------------

### 3.  Parallelism

Because the circle \(\omega\) is tangent to \(BC\), the line
\(I^{\ast}D\) is parallel to \(BC\).
The homothety \(\mathcal H_{E}\) preserves angles, so
the image of the line \(AI\) is a line through \(M\) parallel to
\(BC\).  By (2) this image is exactly \(GM\); hence

\[
GM\;\parallel\;BC .
\]

--------------------------------------------------------------------

Therefore the line that passes through the mid‑points of the segments
\(AI\) and \(EF\) is indeed parallel to the side \(BC\).   ∎";3
modelo-prueba-final;En un triángulo △ABC, sean I el centro del incírculo y Γ el circuncírculo. La línea AI intersecta a Γ en D (aparte de A). SeEa E un punto en el arco BDC de Γ y F un punto en el segmento BC, tal que ∠BAF=∠CAE< 21∠BAC. Si G es el punto medio de AI y M es el punto medio de EF, demuestre que la línea MG es paralela a la línea BC.;ERROR;ERROR;"ERROR: error parsing tool call: raw='import sympy as sp

# Define symbols
a,b = sp.symbols('a b', real=True, nonzero=True)
# Coordinates
A = sp.Point(a,b)
B = sp.Point(0,0)
C = sp.Point(1,0)

# side lengths
c = A.distance(B) # AB
b_side = A.distance(C) # AC
a_side = B.distance(C) # BC = 1

# Incenter using barycentric formula
# Coordinates of incenter:
I_x = (a_side*A.x + b_side*B.x + c*A.x)/(a_side + b_side + c) # but need each side
I_y = (a_side*A.y + b_side*B.y + c*A.y)/(a_side + b_side + c)
I = sp.Point(sp.simplify(I_x), sp.simplify(I_y))
I
', err=invalid character 'i' looking for beginning of value (status code: 500)";4
modelo-prueba-final;En un triángulo △ABC, sean I el centro del incírculo y Γ el circuncírculo. La línea AI intersecta a Γ en D (aparte de A). SeEa E un punto en el arco BDC de Γ y F un punto en el segmento BC, tal que ∠BAF=∠CAE< 21∠BAC. Si G es el punto medio de AI y M es el punto medio de EF, demuestre que la línea MG es paralela a la línea BC.;2626.516741037369;0;;5
modelo-prueba-final;En un triángulo △ABC, sean I el centro del incírculo y Γ el circuncírculo. La línea AI intersecta a Γ en D (aparte de A). SeEa E un punto en el arco BDC de Γ y F un punto en el segmento BC, tal que ∠BAF=∠CAE< 21∠BAC. Si G es el punto medio de AI y M es el punto medio de EF, demuestre que la línea MG es paralela a la línea BC.;506.856920003891;1584;"Let the points \(D\) and \(E\) lie on the circum‑circle of \(\triangle ABC\) and let \(AD\) be a diameter of this circle.  
Denote by \(G\) the midpoint of the diameter \(AD\) and by \(M\) the midpoint of the chord \(EF\).  

-----------------------------------------------------------------------

### 1.  Geometry of the situation  

* \(AD\) is a diameter, hence the line \(AD\) is the perpendicular bisector of side \(BC\).  
  Consequently  

  \[
  \angle BAD = \angle BAI = 90^{\circ}-\angle B ,
  \]

  because \(AD\perp BC\) and \(AB\) makes an angle \(\angle B\) with \(BC\).

* The points \(E\) and \(F\) lie on a common chord \(EF\).  
  Since \(I\) is the second intersection of line \(AD\) with the circumcircle, the line \(AD\) (hence \(AI\)) is the perpendicular bisector of \(EF\).  
  Therefore the midpoint \(M\) of the chord \(EF\) lies on the line \(AD\) as well; in other words, \(M\in AD\).

Thus the line through the midpoints of \(AD\) and \(EF\) is simply the line \(AD\).

-----------------------------------------------------------------------

### 2.  The required angle  

The line segment that joins the midpoints of \(AD\) and \(EF\) is the line \(AD\) itself.  
Hence the angle between this segment and side \(AB\) is exactly the angle between \(AB\) and \(AD\), i.e.

\[
\angle (GM,AB)=\angle BAD=90^{\circ}-\angle B .
\]

-----------------------------------------------------------------------

\[
\boxed{\;\text{The desired angle is }90^{\circ}-\angle B\;}
\]

(Equivalently, it is the complement of the angle at vertex \(B\) of \(\triangle ABC\).)";6
modelo-prueba-final;En un triángulo △ABC, sean I el centro del incírculo y Γ el circuncírculo. La línea AI intersecta a Γ en D (aparte de A). SeEa E un punto en el arco BDC de Γ y F un punto en el segmento BC, tal que ∠BAF=∠CAE< 21∠BAC. Si G es el punto medio de AI y M es el punto medio de EF, demuestre que la línea MG es paralela a la línea BC.;399.7557520866394;2154;"Let  

\[
\begin{array}{l}
A,\;B,\;C\in\mathbb {R}^{2}\quad (\text{non‑collinear}) ,
\\[2mm]
I=\text{in‑centre of }\triangle ABC ,\qquad   
G=\frac{A+I}{2},
\\[2mm]
E\in\Gamma (ABC),\quad 
F\in BC \text{ is the isogonal of } AE \text{ with respect to }A ,
\\[2mm]
M=\frac{E+F}{2}.
\end{array}
\]

--------------------------------------------------------------------
### 1.  Geometry of the points \(E\) and \(F\)

Because \(F\) is the isogonal of the line \(AE\) with respect to the
vertex \(A\) of \(\triangle ABC\),

\[
\angle BAF=\angle CAE   \tag{1}
\]

holds (definition of isogonal lines).  
Consequently the line \(AI\) also bisects \(\angle EAF\); indeed

\[
\angle EAI=\angle IAF ,
\]
and by the angle–bisector theorem

\[
\frac{E M}{M F}=\frac{E A}{A F}.      \tag{2}
\]

--------------------------------------------------------------------
### 2.  The line \(BC\) and the symmedian of \(\triangle AEF\)

In \(\triangle AEF\) the line \(AI\) is the internal bisector of the
angle at \(A\).  
Hence the point \(I\) is the ex‑centre of \(\triangle AEF\) opposite
\(E\).  
The ex‑symmedian of \(\triangle AEF\) through \(A\) is therefore the
projection of the internal bisector \(AI\) on the side \(EF\).  
For an ex‑symmedian the following holds:

\[
\frac{E M}{M F}=\frac{E I}{I F}.      \tag{3}
\]

Combining (2) and (3) gives

\[
\frac{E I}{I F}=\frac{E A}{A F} .
\]

--------------------------------------------------------------------
### 3.  The midpoint line

From the previous proportion we obtain, using the mass–point
technique,

\[
\frac{E I}{I F}=\frac{E M}{M F}
      \quad\Longrightarrow\quad
      \frac{E+F-A-I}{\,C-B\,}= \text{constant}.          \tag{4}
\]

Equation (4) is equivalent to

\[
M-G=\frac{E+F-A-I}{2}\parallel (C-B)=BC .
\]

Thus the segment joining the mid‑points \(M\) and \(G\) is parallel to
\(BC\).

--------------------------------------------------------------------
### 4.  Conclusion

The mid‑point \(G\) of the segment \(AI\) (the internal bisector of
\(\triangle ABC\)) and the mid‑point \(M\) of the chord \(EF\)
(formed by the isogonal pair \(AE,\;AF\)) satisfy

\[
\boxed{\,GM\;\parallel\;BC\,}.
\]

∎";7
modelo-prueba-final;En un triángulo △ABC, sean I el centro del incírculo y Γ el circuncírculo. La línea AI intersecta a Γ en D (aparte de A). SeEa E un punto en el arco BDC de Γ y F un punto en el segmento BC, tal que ∠BAF=∠CAE< 21∠BAC. Si G es el punto medio de AI y M es el punto medio de EF, demuestre que la línea MG es paralela a la línea BC.;1035.352387189865;2027;"**Solution – A synthetic proof**

Because the two angles  
\[
\angle BAF\;=\;\angle CAE
\]
are equal, the arcs that they intercept on the circum‑circle are equal.  
Consequently the two chords of the circle that subtend these angles have the
same length, i.e.  
\[
BF \;=\; CE . \tag{1}
\]

The line \(AD\) is the internal bisector of \(\angle BAC\); the point \(G\) is
the intersection of the bisector \(AD\) with the circum‑circle of
\(ABC\) (hence \(G\) and \(D\) lie on the same circle).  
Let \(E\) be the point of this circle for which the line \(IE\) is
parallel to \(GD\).  The line through \(I\) that is parallel to \(GD\)
therefore meets the circle exactly at \(E\).

--------------------------------------------------------------------
### 1.  The point \(M\) lies on the line \(GD\)

The point \(M\) is defined as the intersection of the two lines  
\(GD\) and the line through \(I\) parallel to \(GD\).  
By construction these two lines meet in the unique point \(M\); hence
\(M\) is a point of the line \(GD\).  Thus the three points
\(G,\;M,\;D\) are collinear.

--------------------------------------------------------------------
### 2.  The point \(M\) is between \(G\) and \(D\)

From the similarity of the triangles \(\triangle BAF\) and
\(\triangle CAE\) (established by the equality of the angles in
(1)) we obtain the proportion  

\[
\frac{BF}{CE}= \frac{BA}{CA}= \frac{AF}{AE}.
\]

Using \(BF = CE\) (from (1)) gives \(AF = AE\).  
Therefore the segment \(AE\) is bisected by the point \(I\); hence the
line through \(I\) that is parallel to \(GD\) is the line that passes
through the midpoint of \(AE\).  Because \(I\) lies inside the triangle,
this line cuts the segment \(GD\) at a point that must lie between the
end‑points \(G\) and \(D\).

--------------------------------------------------------------------
Combining (1) and the above two observations we conclude that

\[
\boxed{\; M \text{ lies on the segment } GD\; } .
\]

Thus the required point \(M\) indeed belongs to the segment \(GD\).";8
modelo-prueba-final;En un triángulo △ABC, sean I el centro del incírculo y Γ el circuncírculo. La línea AI intersecta a Γ en D (aparte de A). SeEa E un punto en el arco BDC de Γ y F un punto en el segmento BC, tal que ∠BAF=∠CAE< 21∠BAC. Si G es el punto medio de AI y M es el punto medio de EF, demuestre que la línea MG es paralela a la línea BC.;ERROR;ERROR;"ERROR: error parsing tool call: raw='import sympy as sp
A=sp.Point(0,0)
B=sp.Point(2,0)
C=sp.Point(1,3)
O=sp.Line(A,B).intersection(sp.Line(A,C))[0]
O
', err=invalid character 'i' looking for beginning of value (status code: 500)";9
modelo-prueba-final;En un triángulo △ABC, sean I el centro del incírculo y Γ el circuncírculo. La línea AI intersecta a Γ en D (aparte de A). SeEa E un punto en el arco BDC de Γ y F un punto en el segmento BC, tal que ∠BAF=∠CAE< 21∠BAC. Si G es el punto medio de AI y M es el punto medio de EF, demuestre que la línea MG es paralela a la línea BC.;2621.9578449726105;0;;10
